rfq_id,match_id,similarity_score
a462a4cb-bbaa-4417-b876-4b8606c6f8db,ca1ccf90-ef97-446d-b9ba-214844ffc371,0.9285714285714286
a462a4cb-bbaa-4417-b876-4b8606c6f8db,90b02a62-3da9-4648-948c-52627d086a50,0.9285714285714286
341ae37b-3e39-44f4-99f5-566fab316e0c,bf42879f-e641-475a-8b19-c5df8f6cee7a,0.928569105993523
